{
  "avg_faithfulness": 0.9133333333333334,
  "avg_relevancy": 0.7066666666666667,
  "overall_score": 0.81,
  "total_questions": 15,
  "passed": 11,
  "failed": 4
}